Omkar,31-03-2025 13:48:24,Mathematics  
Harsh,31-03-2025 14:20:00,Mathematics  
Anuarg,02-04-2025 13:47:44,Physics  
Omkar,02-04-2025 13:48:24,Physics  
Guarav,01-04-2025 13:47:14,Physics  
Anuarg,01-04-2025 13:47:44,Physics  
Omkar,01-04-2025 13:48:24,Physics  
Guarav,31-03-2025 13:47:14,Chemistry  
Anuarg,31-03-2025 13:47:44,Chemistry  
Omkar,31-03-2025 13:48:24,Chemistry  
Neha,04-04-2025 09:26:15,Geography  
Amit,02-04-2025 08:23:55,English  
Karan,01-04-2025 13:03:42,Biology  
Sneha,04-04-2025 15:48:23,Biology  
Pooja,02-04-2025 09:32:25,Mathematics  
Anuarg,01-04-2025 13:02:02,Chemistry  
Riya,05-04-2025 15:45:51,Mathematics  
Omkar,01-04-2025 13:10:01,History  
Karan,02-04-2025 15:06:47,History  
Harsh,01-04-2025 11:52:59,English  
Riya,02-04-2025 08:07:26,History  
Pooja,04-04-2025 12:36:37,Mathematics  
Neha,03-04-2025 13:40:42,Chemistry  
Guarav,04-04-2025 12:45:03,English  
Sneha,04-04-2025 13:23:04,Geography  
Omkar,01-04-2025 10:46:29,Biology  
Riya,04-04-2025 08:38:42,Mathematics  
Anuarg,02-04-2025 12:39:35,English  
Amit,04-04-2025 08:00:45,Biology  
Guarav,01-04-2025 13:34:08,Chemistry  
Harsh,04-04-2025 15:24:01,Physics  
Omkar,01-04-2025 08:51:24,Geography  
Riya,05-04-2025 13:44:10,Mathematics  
Pooja,02-04-2025 14:59:17,History  
Karan,04-04-2025 08:31:50,English  
Anuarg,01-04-2025 14:44:08,Physics  
Omkar,01-04-2025 09:13:17,Mathematics  
Neha,04-04-2025 14:26:23,History  
Sneha,04-04-2025 10:36:18,Mathematics  
Guarav,03-04-2025 08:44:50,Chemistry  
Riya,04-04-2025 13:59:37,Biology  
Amit,03-04-2025 12:12:43,Physics  
Karan,05-04-2025 08:42:17,History  
Pooja,02-04-2025 15:28:18,Chemistry  
Neha,01-04-2025 12:56:07,Physics  
Harsh,05-04-2025 09:18:33,English  
Riya,02-04-2025 13:35:03,Chemistry  
Sneha,04-04-2025 12:56:40,History  
Amit,01-04-2025 10:14:06,Biology  
Karan,04-04-2025 11:35:29,Mathematics  
Omkar,03-04-2025 13:45:01,Biology  
Anuarg,04-04-2025 13:33:52,Geography  
Harsh,01-04-2025 14:11:24,English  
Guarav,01-04-2025 13:06:39,Biology  
Omkar,05-04-2025 15:29:42,Physics  
Riya,02-04-2025 14:42:14,History  
Sneha,04-04-2025 08:11:10,Biology  
Neha,05-04-2025 08:13:27,Chemistry  
Karan,01-04-2025 11:17:02,English  
Pooja,05-04-2025 15:25:03,Physics  
Amit,03-04-2025 11:42:20,History  
Omkar,02-04-2025 10:29:16,Biology  
Harsh,03-04-2025 10:55:36,English  
Anuarg,04-04-2025 08:00:38,Chemistry  
Guarav,05-04-2025 10:18:51,Mathematics  
Riya,01-04-2025 10:44:34,Geography  
Sneha,03-04-2025 09:11:52,English  
Karan,03-04-2025 14:53:32,Chemistry  
Pooja,02-04-2025 12:15:30,Mathematics  
Neha,01-04-2025 14:46:19,History  
Amit,02-04-2025 10:37:28,Geography  
Harsh,03-04-2025 08:44:45,Biology  
Anuarg,01-04-2025 14:17:59,Mathematics  
Omkar,03-04-2025 12:46:41,English  
Riya,04-04-2025 09:06:25,Chemistry  
Guarav,03-04-2025 11:32:56,Physics  
Pooja,04-04-2025 11:10:29,English  
Neha,03-04-2025 09:56:23,Biology  
Karan,02-04-2025 13:30:11,History  
Amit,01-04-2025 09:29:05,Chemistry  
Sneha,05-04-2025 11:40:47,Physics  
Anuarg,03-04-2025 10:06:00,English  
Harsh,04-04-2025 14:53:44,Biology  
Omkar,02-04-2025 11:37:30,Chemistry  
Riya,03-04-2025 10:50:48,Mathematics  
Guarav,02-04-2025 09:01:25,English  
Neha,04-04-2025 14:43:16,Physics  
Pooja,03-04-2025 08:28:11,History  
Karan,05-04-2025 10:27:04,Chemistry  
Amit,04-04-2025 10:29:42,Mathematics  
Sneha,02-04-2025 11:41:59,History  
Anuarg,05-04-2025 15:33:15,English  
Harsh,01-04-2025 09:15:25,Geography  
Omkar,05-04-2025 10:07:13,Biology  
Riya,01-04-2025 11:55:18,Physics  
Guarav,05-04-2025 11:02:40,English  
Pooja,04-04-2025 09:12:03,Biology  
Neha,02-04-2025 12:17:51,Geography  
Karan,01-04-2025 14:17:02,Mathematics  
Amit,05-04-2025 11:37:21,Chemistry  

Omkar,16-04-25 10:35:30
Anuarg,16-04-25 12:12:30
Guarav,16-04-25 12:12:32
Omkar,16-04-25 12:12:36
Omkar,16-04-25 12:16:21
Anuarg,16-04-25 12:16:27
Guarav,16-04-25 12:16:35
Omkar,16-04-25 12:19:16
Guarav,16-04-25 12:20:17
Omkar,16-04-25 12:21:05
Anuarg,16-04-25 12:21:21
Guarav,16-04-25 12:23:34
Omkar,16-06-25 00:29:23
Anuarg,16-06-25 00:29:34
Guarav,16-06-25 09:55:25
Anuarg,16-06-25 09:55:34
Omkar,16-06-25 12:51:01
demo,16-06-25 12:53:40
Guarav,16-06-25 12:55:02
